English,Japanese,Reading
convenience store,コンビニ,コンビニ
store clerk,店員,てんいん
register / checkout,レジ,レジ
bill / checkout,会計,かいけい
product / merchandise,商品,しょうひん
price,値段,ねだん
bag,袋,ふくろ
receipt,レシート,レシート
change,お釣り,おつり
cash,現金,げんきん
card,カード,カード
electronic payment,電子マネー,でんしマネー
rice ball,おにぎり,おにぎり
boxed meal,弁当,べんとう
bread,パン,パン
sandwich,サンドイッチ,サンドイッチ
snacks / sweets,お菓子,おかし
drink,飲み物,のみもの
water,水,みず
tea,お茶,おちゃ
milk,牛乳,ぎゅうにゅう
coffee,コーヒー,コーヒー
alcohol,お酒,おさけ
ice cream,アイス,アイス
cup noodles,カップ麺,カップめん
steamed meat bun,肉まん,にくまん
simmered ingredients,おでん,おでん
chopsticks,箸,はし
spoon,スプーン,スプーン
fork,フォーク,フォーク
straw,ストロー,ストロー
wet hand towel,おしぼり,おしぼり
to heat / warm,温める,あたためる
warm,温かい,あたたかい
cold,冷たい,つめたい
